Code,Room,CheckIn,CheckOut,Rate,LastName,FirstName,Adults,Kids,CheckIn_new,CheckOut_new
47496,'RND',2010-01-01,2010-01-06,150,'KLEVER','ERASMO',1,0,2019-01-01,2019-01-06
41112,'RND',2010-01-06,2010-01-11,135,'HOOLEY','EUGENIO',1,0,2019-01-06,2019-01-11
76809,'RND',2010-01-12,2010-01-14,187.5,'WISWELL','JERROD',1,0,2019-01-12,2019-01-14
70172,'RND',2010-01-23,2010-01-25,150,'ALMANZA','PHEBE',1,0,2019-01-23,2019-01-25
44358,'RND',2010-01-25,2010-01-27,150,'BOBROW','CLINTON',2,0,2019-01-25,2019-01-27
55344,'RND',2010-01-30,2010-01-31,135,'RENSCH','LIANA',1,0,2019-01-30,2019-01-31
99471,'RND',2010-01-31,2010-02-01,135,'ABRAHAMS','ANNETT',1,0,2019-01-31,2019-02-01
81473,'RND',2010-02-01,2010-02-02,127.5,'EVERITT','YUK',1,1,2019-02-01,2019-02-02
49253,'RND',2010-02-03,2010-02-06,150,'NANI','GARRY',1,0,2019-02-03,2019-02-06
16748,'RND',2010-02-21,2010-02-23,135,'KLIMKO','DONTE',1,0,2019-02-21,2019-02-23
69316,'RND',2010-02-26,2010-03-07,150,'SULOUFF','JESSICA',1,0,2019-02-26,2019-03-07
69844,'RND',2010-03-07,2010-03-11,172.5,'BONIOL','CLINT',1,0,2019-03-07,2019-03-11
96839,'RND',2010-03-11,2010-03-12,150,'ARANAS','ROD',1,0,2019-03-11,2019-03-12
43911,'RND',2010-03-12,2010-03-13,127.5,'NEIN','TEODORO',1,0,2019-03-12,2019-03-13
48382,'RND',2010-03-13,2010-03-14,150,'SCHLADWEILER','ELEASE',1,0,2019-03-13,2019-03-14
77032,'RND',2010-03-14,2010-03-17,172.5,'FRANC','HERBERT',1,0,2019-03-14,2019-03-17
30043,'RND',2010-03-17,2010-03-18,150,'HELFRITZ','RHEA',2,0,2019-03-17,2019-03-18
48539,'RND',2010-03-21,2010-03-28,135,'CHINAULT','EDWARDO',2,0,2019-03-21,2019-03-28
23850,'RND',2010-04-11,2010-04-17,150,'PENNELLA','LAKIA',2,0,2019-04-11,2019-04-17
97303,'RND',2010-04-21,2010-04-30,150,'WAEGNER','STANFORD',1,0,2019-04-21,2019-04-30
21553,'RND',2010-05-01,2010-05-05,172.5,'MECHLING','KERRI',1,0,2019-05-01,2019-05-05
28465,'RND',2010-05-05,2010-05-06,150,'SALLE','SANTANA',1,0,2019-05-05,2019-05-06
62147,'RND',2010-05-06,2010-05-13,135,'BURCHAM','JONATHON',1,1,2019-05-06,2019-05-13
38368,'RND',2010-05-30,2010-06-06,150,'FOCKE','HONEY',1,1,2019-05-30,2019-06-06
48822,'RND',2010-06-08,2010-06-12,187.5,'HULETTE','DARIUS',1,0,2019-06-08,2019-06-12
18822,'RND',2010-06-12,2010-06-14,150,'NORN','GARLAND',2,0,2019-06-12,2019-06-14
34034,'RND',2010-06-14,2010-06-20,172.5,'GABBETT','ALLEN',1,0,2019-06-14,2019-06-20
52470,'RND',2010-06-20,2010-06-21,127.5,'BAIRAM','BRADLY',1,1,2019-06-20,2019-06-21
95709,'RND',2010-06-21,2010-07-02,135,'TRUDEN','LEWIS',1,0,2019-06-21,2019-07-02
93984,'RND',2010-07-02,2010-07-03,187.5,'DEBARDELABEN','NELL',1,0,2019-07-02,2019-07-03
76245,'RND',2010-07-18,2010-07-19,150,'TOSTI','DAN',1,1,2019-07-18,2019-07-19
30300,'RND',2010-07-19,2010-07-20,135,'PRIAL','MYLES',1,0,2019-07-19,2019-07-20
70440,'RND',2010-07-23,2010-07-27,150,'DEVEY','GIUSEPPE',1,0,2019-07-23,2019-07-27
44933,'RND',2010-07-27,2010-07-29,150,'FURIA','ELWANDA',2,0,2019-07-27,2019-07-29
63458,'RND',2010-07-31,2010-08-01,172.5,'LELEUX','PORTER',1,1,2019-07-31,2019-08-01
78964,'RND',2010-08-05,2010-08-06,150,'SPERAZZA','WILBUR',2,0,2019-08-05,2019-08-06
64503,'RND',2010-08-06,2010-08-11,172.5,'MAURER','TEODORO',2,0,2019-08-06,2019-08-11
15534,'RND',2010-08-28,2010-09-01,150,'GAUD','REINALDO',1,0,2019-08-28,2019-09-01
87560,'RND',2010-09-01,2010-09-02,150,'SABALA','MORTON',1,0,2019-09-01,2019-09-02
59083,'RND',2010-09-03,2010-09-10,172.5,'HARTFORD','NATHANAEL',2,0,2019-09-03,2019-09-10
91895,'RND',2010-09-10,2010-09-11,150,'BLADE','RUBEN',1,0,2019-09-10,2019-09-11
65416,'RND',2010-09-11,2010-09-13,127.5,'STRICK','NICHOLLE',1,0,2019-09-11,2019-09-13
94375,'RND',2010-09-13,2010-09-19,150,'WEGER','TOBY',1,0,2019-09-13,2019-09-19
69494,'RND',2010-09-21,2010-09-22,135,'MINDEN','STACEY',1,0,2019-09-21,2019-09-22
14845,'RND',2010-09-27,2010-09-30,150,'ROTCH','FLORIDA',1,1,2019-09-27,2019-09-30
10449,'RND',2010-09-30,2010-10-01,150,'KLESS','NELSON',1,0,2019-09-30,2019-10-01
28494,'RND',2010-10-01,2010-10-13,135,'DERKAS','GUS',1,0,2019-10-01,2019-10-13
67343,'RND',2010-10-14,2010-10-25,172.5,'ALBROUGH','OLYMPIA',2,0,2019-10-14,2019-10-25
63293,'RND',2010-10-25,2010-11-01,127.5,'KUTA','HERMAN',1,1,2019-10-25,2019-11-01
55551,'RND',2010-11-04,2010-11-08,127.5,'COOKUS','KASHA',2,0,2019-11-04,2019-11-08
57705,'RND',2010-11-12,2010-11-15,172.5,'ROTHMAN','GLENNIS',1,0,2019-11-12,2019-11-15
48532,'RND',2010-11-20,2010-11-22,135,'VANDEBRINK','TRESSIE',1,0,2019-11-20,2019-11-22
32049,'RND',2010-11-22,2010-12-04,135,'PANOS','LESTER',1,1,2019-11-22,2019-12-04
54369,'RND',2010-12-04,2010-12-06,172.5,'MULE','DIONNA',1,0,2019-12-04,2019-12-06
24667,'RND',2010-12-08,2010-12-09,187.5,'BAUGUESS','ERYN',1,0,2019-12-08,2019-12-09
68385,'RND',2010-12-10,2010-12-12,172.5,'ALBERO','ABBEY',1,0,2019-12-10,2019-12-12
46577,'RND',2010-12-12,2010-12-14,135,'MAURER','TEODORO',1,0,2019-12-12,2019-12-14
41783,'RND',2010-12-19,2010-12-20,187.5,'LEDOUX','LENA',1,0,2019-12-19,2019-12-20
30020,'RND',2010-12-21,2010-12-28,135,'PORTO','MARIANO',1,1,2019-12-21,2019-12-28
26701,'RND',2010-12-28,2010-12-30,150,'DEJAEGER','WELDON',2,0,2019-12-28,2019-12-30
69598,'RND',2010-12-30,2010-12-31,150,'RENIER','MARCELLUS',1,0,2019-12-30,2019-12-31
97512,'RND',2010-12-31,2011-01-02,150,'FRAILEY','JUANITA',1,0,2019-12-31,2020-01-02
74548,'IBS',2010-01-13,2010-01-16,172.5,'BORROMEO','EBONY',1,1,2019-01-13,2019-01-16
89123,'IBS',2010-01-20,2010-01-30,172.5,'GISSLER','EFRAIN',1,0,2019-01-20,2019-01-30
77967,'IBS',2010-01-30,2010-02-06,172.5,'MCNEELEY','ARTHUR',1,0,2019-01-30,2019-02-06
62333,'IBS',2010-02-06,2010-02-07,150,'ABATIELL','CATHRYN',2,0,2019-02-06,2019-02-07
72456,'IBS',2010-02-08,2010-02-10,150,'STARTIN','BRUNA',1,1,2019-02-08,2019-02-10
15733,'IBS',2010-02-11,2010-02-13,172.5,'BEALLE','RASHAD',1,0,2019-02-11,2019-02-13
39602,'IBS',2010-02-13,2010-02-23,150,'STUART','IVA',1,1,2019-02-13,2019-02-23
75477,'IBS',2010-02-23,2010-02-24,172.5,'JAHR','JESSIE',2,0,2019-02-23,2019-02-24
41754,'IBS',2010-02-24,2010-02-25,172.5,'ANA','ELLAN',1,0,2019-02-24,2019-02-25
12138,'IBS',2010-02-28,2010-03-05,150,'SHARIAT','JARRED',1,0,2019-02-28,2019-03-05
95260,'IBS',2010-03-07,2010-03-19,187.5,'PERRINO','DENNY',1,0,2019-03-07,2019-03-19
63558,'IBS',2010-03-20,2010-03-22,150,'KEPKE','HAROLD',1,1,2019-03-20,2019-03-22
53535,'IBS',2010-03-22,2010-03-25,172.5,'ALLENDE','VIRGIL',1,1,2019-03-22,2019-03-25
63746,'IBS',2010-03-25,2010-03-27,187.5,'SCARLES','LANDON',1,1,2019-03-25,2019-03-27
58881,'IBS',2010-03-27,2010-03-29,150,'RONFELDT','JERMAINE',1,0,2019-03-27,2019-03-29
16933,'IBS',2010-04-01,2010-04-03,150,'NORSWORTHY','AUBREY',2,0,2019-04-01,2019-04-03
18900,'IBS',2010-04-03,2010-04-05,172.5,'LAURY','EMILY',2,0,2019-04-03,2019-04-05
58762,'IBS',2010-04-05,2010-04-07,127.5,'REDEPENNING','FAITH',1,0,2019-04-05,2019-04-07
50223,'IBS',2010-04-12,2010-04-14,135,'CALLICUTT','HONG',1,0,2019-04-12,2019-04-14
84715,'IBS',2010-04-18,2010-04-19,150,'BECKUM','MISSY',1,0,2019-04-18,2019-04-19
55641,'IBS',2010-04-23,2010-04-25,150,'ISHIBASHI','CAPRICE',1,1,2019-04-23,2019-04-25
99268,'IBS',2010-04-30,2010-05-03,135,'LEEHY','NENA',1,0,2019-04-30,2019-05-03
14001,'IBS',2010-05-11,2010-05-12,187.5,'COSTON','LANNY',1,0,2019-05-11,2019-05-12
63652,'IBS',2010-05-14,2010-05-20,172.5,'COVERT','ADAM',1,1,2019-05-14,2019-05-20
28227,'IBS',2010-05-30,2010-06-04,172.5,'STUART','IVA',2,0,2019-05-30,2019-06-04
81780,'IBS',2010-06-09,2010-06-10,150,'ENTWISLE','THOMAS',1,0,2019-06-09,2019-06-10
44426,'IBS',2010-06-22,2010-06-23,150,'CHEESE','TRINIDAD',1,0,2019-06-22,2019-06-23
62816,'IBS',2010-07-07,2010-07-11,127.5,'MAEWEATHER','AUGUST',1,0,2019-07-07,2019-07-11
94074,'IBS',2010-07-15,2010-07-16,135,'TRIBBY','ADELIA',1,0,2019-07-15,2019-07-16
22981,'IBS',2010-07-21,2010-07-23,172.5,'KNERIEN','GRANT',1,0,2019-07-21,2019-07-23
72503,'IBS',2010-07-23,2010-07-30,150,'VELZEBOER','HAN',2,0,2019-07-23,2019-07-30
44428,'IBS',2010-08-04,2010-08-06,172.5,'ZAVADOSKI','CLAIR',1,0,2019-08-04,2019-08-06
26135,'IBS',2010-08-09,2010-08-14,150,'STORDAHL','NATOSHA',1,0,2019-08-09,2019-08-14
88795,'IBS',2010-08-18,2010-08-26,150,'EURICH','ANTONE',1,1,2019-08-18,2019-08-26
78565,'IBS',2010-08-28,2010-08-31,187.5,'WAGERS','HOUSTON',2,0,2019-08-28,2019-08-31
97220,'IBS',2010-08-31,2010-09-04,187.5,'WIXOM','MARCIA',1,1,2019-08-31,2019-09-04
37585,'IBS',2010-09-06,2010-09-08,135,'NOAH','DOROTHEA',2,0,2019-09-06,2019-09-08
67689,'IBS',2010-09-08,2010-09-11,172.5,'DELGUIDICE','DAN',2,0,2019-09-08,2019-09-11
53723,'IBS',2010-09-11,2010-09-12,135,'KVETON','FREDRICK',2,0,2019-09-11,2019-09-12
11996,'IBS',2010-09-14,2010-09-16,187.5,'BURBANK','ROBERT',1,0,2019-09-14,2019-09-16
55363,'IBS',2010-09-20,2010-09-22,135,'VERDINE','ANTONINA',1,0,2019-09-20,2019-09-22
53747,'IBS',2010-09-22,2010-09-23,135,'SPEARIN','TOMMY',1,1,2019-09-22,2019-09-23
59610,'IBS',2010-09-23,2010-09-30,150,'EGELSTON','EMANUEL',2,0,2019-09-23,2019-09-30
77319,'IBS',2010-10-09,2010-10-11,172.5,'WIDOWSKI','EUSEBIO',2,0,2019-10-09,2019-10-11
58148,'IBS',2010-10-11,2010-10-13,172.5,'VOLANTE','EMERY',1,0,2019-10-11,2019-10-13
62305,'IBS',2010-10-15,2010-10-22,150,'KAMROWSKI','EVITA',2,0,2019-10-15,2019-10-22
95100,'IBS',2010-10-27,2010-11-05,172.5,'LABAT','JEANMARIE',1,0,2019-10-27,2019-11-05
93407,'IBS',2010-11-05,2010-11-07,187.5,'KOLP','PAMELIA',1,0,2019-11-05,2019-11-07
35870,'IBS',2010-11-09,2010-11-11,135,'DONIGAN','GLEN',1,1,2019-11-09,2019-11-11
42731,'IBS',2010-11-11,2010-11-15,172.5,'HOTARD','ALYSIA',2,0,2019-11-11,2019-11-15
22561,'IBS',2010-11-15,2010-11-21,127.5,'VUTURO','DEVORAH',1,0,2019-11-15,2019-11-21
49482,'IBS',2010-11-21,2010-12-02,172.5,'ATTEBURG','ELMIRA',2,0,2019-11-21,2019-12-02
66331,'IBS',2010-12-02,2010-12-06,135,'SEVILLANO','LILLI',1,1,2019-12-02,2019-12-06
27490,'IBS',2010-12-06,2010-12-08,150,'PENDLEY','SCOTTIE',1,1,2019-12-06,2019-12-08
40675,'IBS',2010-12-13,2010-12-14,150,'HANUS','THEOLA',1,0,2019-12-13,2019-12-14
51097,'IBS',2010-12-18,2010-12-20,135,'TOODLE','NOLA',2,0,2019-12-18,2019-12-20
60749,'IBS',2010-12-22,2010-12-24,135,'DONAHER','LAKIA',1,0,2019-12-22,2019-12-24
58196,'IBS',2010-12-24,2010-12-30,150,'ZELINSKI','ARTHUR',1,0,2019-12-24,2019-12-30
96658,'IBS',2010-12-30,2011-01-01,187.5,'SCHLESSELMAN','NEVILLE',1,0,2019-12-30,2020-01-01
17265,'AOB',2010-01-01,2010-01-06,175,'HENLY','RUPERT',4,0,2019-01-01,2019-01-06
52597,'AOB',2010-01-11,2010-01-14,175,'CASMORE','MARINE',3,0,2019-01-11,2019-01-14
67200,'AOB',2010-01-16,2010-01-23,148.75,'CHET','CHARLEEN',1,2,2019-01-16,2019-01-23
28406,'AOB',2010-01-23,2010-01-29,175,'COOKUS','KASHA',2,1,2019-01-23,2019-01-29
10489,'AOB',2010-02-02,2010-02-05,218.75,'CARISTO','MARKITA',2,1,2019-02-02,2019-02-05
31993,'AOB',2010-02-08,2010-02-10,201.25,'ZIEBARTH','ADELAIDE',1,3,2019-02-08,2019-02-10
30937,'AOB',2010-02-14,2010-02-15,175,'FITZGERREL','DENNY',1,3,2019-02-14,2019-02-15
15870,'AOB',2010-02-15,2010-02-19,175,'CORIATY','BERTA',1,3,2019-02-15,2019-02-19
94545,'AOB',2010-03-03,2010-03-13,201.25,'SHERRANGE','AUGUST',2,0,2019-03-03,2019-03-13
57527,'AOB',2010-03-26,2010-03-28,201.25,'ABAJA','RHEA',2,0,2019-03-26,2019-03-28
93341,'AOB',2010-04-02,2010-04-08,175,'FROHMAN','SHAYNE',3,1,2019-04-02,2019-04-08
72945,'AOB',2010-04-12,2010-04-13,201.25,'KOHS','BOB',1,1,2019-04-12,2019-04-13
65417,'AOB',2010-04-13,2010-04-15,175,'ACHTER','GRETA',1,1,2019-04-13,2019-04-15
50207,'AOB',2010-04-20,2010-04-21,175,'ROSENDO','TAREN',1,0,2019-04-20,2019-04-21
12258,'AOB',2010-04-23,2010-04-27,175,'KANNEL','RODGER',1,0,2019-04-23,2019-04-27
58755,'AOB',2010-04-30,2010-05-01,175,'MALNAR','GROVER',1,0,2019-04-30,2019-05-01
17955,'AOB',2010-05-05,2010-05-09,201.25,'PANARELLO','TODD',2,0,2019-05-05,2019-05-09
75853,'AOB',2010-05-10,2010-05-12,175,'MELOT','JENNA',4,0,2019-05-10,2019-05-12
58972,'AOB',2010-05-17,2010-05-19,157.5,'BERS','BRENDA',2,1,2019-05-17,2019-05-19
48113,'AOB',2010-05-24,2010-05-25,175,'BABU','SARAI',2,0,2019-05-24,2019-05-25
17344,'AOB',2010-05-25,2010-05-26,218.75,'GALOW','RICKEY',1,1,2019-05-25,2019-05-26
33806,'AOB',2010-05-27,2010-05-28,175,'OXFORD','KATRICE',1,2,2019-05-27,2019-05-28
28455,'AOB',2010-05-29,2010-05-31,175,'RISHA','NORBERTO',1,1,2019-05-29,2019-05-31
14940,'AOB',2010-06-01,2010-06-12,175,'BISHOFF','ISREAL',2,0,2019-06-01,2019-06-12
43225,'AOB',2010-06-12,2010-06-13,157.5,'CAPRON','CASSAUNDRA',1,1,2019-06-12,2019-06-13
54831,'AOB',2010-06-15,2010-06-21,201.25,'BAUGUESS','ERYN',1,3,2019-06-15,2019-06-21
59225,'AOB',2010-06-26,2010-06-30,201.25,'DURAN','BO',1,0,2019-06-26,2019-06-30
18465,'AOB',2010-06-30,2010-07-07,175,'KRIEGH','AMADO',2,0,2019-06-30,2019-07-07
38013,'AOB',2010-07-08,2010-07-15,175,'RURY','SENA',1,1,2019-07-08,2019-07-15
47004,'AOB',2010-07-15,2010-07-28,175,'STEBNER','MAXIE',1,1,2019-07-15,2019-07-28
56286,'AOB',2010-07-29,2010-07-31,201.25,'BRICKEL','ROCKY',3,1,2019-07-29,2019-07-31
29253,'AOB',2010-07-31,2010-08-03,175,'HILDRED','MARTY',3,1,2019-07-31,2019-08-03
76149,'AOB',2010-08-07,2010-08-09,201.25,'HONEYWELL','JULIANA',2,2,2019-08-07,2019-08-09
24300,'AOB',2010-08-09,2010-08-15,201.25,'CANDON','PIERRE',4,0,2019-08-09,2019-08-15
13058,'AOB',2010-08-17,2010-08-18,157.5,'ABATIELL','CATHRYN',1,2,2019-08-17,2019-08-18
95605,'AOB',2010-08-18,2010-08-20,218.75,'FIGLIOLI','NANCI',1,2,2019-08-18,2019-08-20
17270,'AOB',2010-08-20,2010-08-23,175,'RELLIHAN','COURTNEY',1,0,2019-08-20,2019-08-23
67427,'AOB',2010-09-02,2010-09-14,175,'STRACK','PORTER',1,3,2019-09-02,2019-09-14
33748,'AOB',2010-09-14,2010-09-16,175,'PIGNONE','JOEL',1,3,2019-09-14,2019-09-16
47146,'AOB',2010-09-16,2010-09-23,201.25,'GATTSHALL','REGAN',1,0,2019-09-16,2019-09-23
95204,'AOB',2010-10-08,2010-10-14,157.5,'CARRUTH','SANDY',1,2,2019-10-08,2019-10-14
41619,'AOB',2010-10-15,2010-10-22,175,'MASSEY','DORIAN',4,0,2019-10-15,2019-10-22
80390,'AOB',2010-10-22,2010-10-31,157.5,'PHILBERT','CHRISTIE',2,2,2019-10-22,2019-10-31
44836,'AOB',2010-10-31,2010-11-03,148.75,'DEFRANG','DWAIN',1,0,2019-10-31,2019-11-03
69035,'AOB',2010-11-18,2010-11-26,218.75,'KU','MERIDETH',1,3,2019-11-18,2019-11-26
29287,'AOB',2010-12-01,2010-12-08,218.75,'FRYDAY','HERBERT',2,0,2019-12-01,2019-12-08
18834,'AOB',2010-12-08,2010-12-10,148.75,'DUCHARME','MIGUELINA',2,0,2019-12-08,2019-12-10
58934,'AOB',2010-12-15,2010-12-22,201.25,'RICHARD','ROBBY',1,1,2019-12-15,2019-12-22
82502,'AOB',2010-12-25,2010-12-26,175,'KRULIK','JEFFRY',1,2,2019-12-25,2019-12-26
36890,'AOB',2010-12-26,2010-12-28,175,'PHILBERT','CHRISTIE',2,1,2019-12-26,2019-12-28
10984,'AOB',2010-12-28,2011-01-01,201.25,'ZULLO','WILLY',2,1,2019-12-28,2020-01-01
80192,'MWC',2010-01-01,2010-01-03,112.5,'MUHLESTEIN','REINALDO',3,1,2019-01-01,2019-01-03
58266,'MWC',2010-01-08,2010-01-14,125,'PICKARD','HORTENCIA',1,0,2019-01-08,2019-01-14
53876,'MWC',2010-01-14,2010-01-15,125,'KEBEDE','ARON',3,0,2019-01-14,2019-01-15
82409,'MWC',2010-01-30,2010-02-01,125,'QUARTO','VANDA',4,0,2019-01-30,2019-02-01
39640,'MWC',2010-02-01,2010-02-05,143.75,'HERZING','DELPHIA',2,1,2019-02-01,2019-02-05
31371,'MWC',2010-02-05,2010-02-06,125,'TARZIA','KAYLEE',2,0,2019-02-05,2019-02-06
31508,'MWC',2010-02-10,2010-02-14,112.5,'FULK','GENE',4,0,2019-02-10,2019-02-14
37985,'MWC',2010-02-15,2010-02-18,112.5,'PEDERSON','DOTTIE',1,1,2019-02-15,2019-02-18
54966,'MWC',2010-02-23,2010-02-24,125,'MAZUREK','LEIGHANN',1,0,2019-02-23,2019-02-24
64987,'MWC',2010-02-28,2010-03-05,125,'BRESSE','BURTON',1,0,2019-02-28,2019-03-05
40678,'MWC',2010-03-22,2010-03-29,112.5,'KENNETT','QUEEN',3,0,2019-03-22,2019-03-29
36356,'MWC',2010-03-29,2010-04-04,125,'SPECTOR','FRITZ',2,1,2019-03-29,2019-04-04
35180,'MWC',2010-04-07,2010-04-08,125,'POWNELL','BRIDGET',1,0,2019-04-07,2019-04-08
96909,'MWC',2010-04-09,2010-04-15,125,'WILLIBRAND','HEATHER',3,0,2019-04-09,2019-04-15
79056,'MWC',2010-04-19,2010-04-25,125,'GANZER','HYMAN',2,0,2019-04-19,2019-04-25
90108,'MWC',2010-04-30,2010-05-01,156.25,'FANZO','TERRY',1,0,2019-04-30,2019-05-01
30479,'MWC',2010-05-01,2010-05-10,143.75,'QUISPE','MARGARITO',1,1,2019-05-01,2019-05-10
60169,'MWC',2010-05-10,2010-05-16,125,'ROSATI','LORENA',1,3,2019-05-10,2019-05-16
91415,'MWC',2010-05-16,2010-05-18,112.5,'LEHRFELD','CHERLY',3,0,2019-05-16,2019-05-18
87943,'MWC',2010-05-21,2010-05-28,125,'LUTFY','LIZETTE',2,0,2019-05-21,2019-05-28
14273,'MWC',2010-05-28,2010-05-30,125,'STARE','ELIJAH',1,0,2019-05-28,2019-05-30
25134,'MWC',2010-05-31,2010-06-02,143.75,'HARDYMAN','CLAYTON',1,1,2019-05-31,2019-06-02
34244,'MWC',2010-06-04,2010-06-06,112.5,'SPIKE','ROSENDA',4,0,2019-06-04,2019-06-06
84244,'MWC',2010-06-06,2010-06-07,125,'TALAT','MEAGHAN',2,1,2019-06-06,2019-06-07
64456,'MWC',2010-06-07,2010-06-09,125,'MCCLENNINGHAM','BRADLY',1,2,2019-06-07,2019-06-09
86375,'MWC',2010-06-12,2010-06-22,156.25,'RANAUDO','SELINA',1,0,2019-06-12,2019-06-22
84120,'MWC',2010-06-29,2010-07-05,143.75,'LOTTO','MYRA',3,1,2019-06-29,2019-07-05
72817,'MWC',2010-07-08,2010-07-09,143.75,'FINEFROCK','ALEXIS',1,2,2019-07-08,2019-07-09
16136,'MWC',2010-07-09,2010-07-12,143.75,'FERENCE','MORGAN',1,0,2019-07-09,2019-07-12
44378,'MWC',2010-07-12,2010-07-13,125,'COTMAN','JOLYNN',1,3,2019-07-12,2019-07-13
54323,'MWC',2010-07-13,2010-07-14,106.25,'LUNNEY','YVETTE',3,0,2019-07-13,2019-07-14
18311,'MWC',2010-07-27,2010-07-31,125,'LUEDKE','BRYNN',1,1,2019-07-27,2019-07-31
65909,'MWC',2010-07-31,2010-08-01,112.5,'BENDICKSON','NEWTON',2,0,2019-07-31,2019-08-01
70287,'MWC',2010-08-02,2010-08-11,143.75,'MAEDA','DUSTY',1,0,2019-08-02,2019-08-11
92348,'MWC',2010-08-11,2010-08-17,125,'BARTHELL','RICARDA',1,0,2019-08-11,2019-08-17
53295,'MWC',2010-08-17,2010-08-22,106.25,'HANUS','THEOLA',2,1,2019-08-17,2019-08-22
97375,'MWC',2010-08-26,2010-08-27,112.5,'DONNELLEY','GARNET',3,0,2019-08-26,2019-08-27
79219,'MWC',2010-08-27,2010-08-30,125,'KLAASS','HYON',3,1,2019-08-27,2019-08-30
69840,'MWC',2010-08-30,2010-09-03,112.5,'KNERIEN','GRANT',2,1,2019-08-30,2019-09-03
95620,'MWC',2010-09-07,2010-09-10,112.5,'ZAHLER','GORDON',1,0,2019-09-07,2019-09-10
35136,'MWC',2010-09-10,2010-09-12,112.5,'MALCHOW','RAMIRO',1,0,2019-09-10,2019-09-12
67464,'MWC',2010-09-27,2010-09-30,112.5,'KVETON','FREDRICK',1,1,2019-09-27,2019-09-30
38677,'MWC',2010-10-05,2010-10-11,156.25,'HORELICK','BYRON',2,0,2019-10-05,2019-10-11
32116,'MWC',2010-10-15,2010-10-17,143.75,'RUSSO','MELODY',1,1,2019-10-15,2019-10-17
21848,'MWC',2010-10-17,2010-10-18,112.5,'CLOFFI','CHAROLETTE',1,0,2019-10-17,2019-10-18
73473,'MWC',2010-10-18,2010-10-27,125,'ROTCHFORD','DWIGHT',3,0,2019-10-18,2019-10-27
98441,'MWC',2010-10-30,2010-11-07,106.25,'RAMPLEY','HERMA',4,0,2019-10-30,2019-11-07
54781,'MWC',2010-11-07,2010-11-11,125,'KUTA','HERMAN',1,2,2019-11-07,2019-11-11
93587,'MWC',2010-11-11,2010-11-12,112.5,'ZELAYA','PRINCE',3,1,2019-11-11,2019-11-12
33271,'MWC',2010-11-29,2010-12-02,143.75,'YONKERS','RHETT',2,2,2019-11-29,2019-12-02
40043,'MWC',2010-12-04,2010-12-14,125,'LANSBERRY','JESUSITA',3,1,2019-12-04,2019-12-14
33155,'MWC',2010-12-14,2010-12-16,143.75,'FOLGER','ELOISA',1,0,2019-12-14,2019-12-16
88588,'MWC',2010-12-16,2010-12-17,125,'RELFORD','MARYBELLE',2,0,2019-12-16,2019-12-17
57015,'MWC',2010-12-19,2010-12-20,106.25,'BUSTER','TOM',1,0,2019-12-19,2019-12-20
87890,'MWC',2010-12-20,2010-12-22,143.75,'HELKE','ISAAC',1,0,2019-12-20,2019-12-22
66189,'MWC',2010-12-30,2011-01-04,143.75,'FROEHNER','LATRISHA',3,0,2019-12-30,2020-01-04
76801,'HBB',2010-01-06,2010-01-18,125,'CRACE','HERB',1,1,2019-01-06,2019-01-18
24408,'HBB',2010-01-18,2010-01-19,100,'RADIN','RUSTY',1,0,2019-01-18,2019-01-19
21980,'HBB',2010-02-05,2010-02-08,115,'SIDDELL','MACY',1,1,2019-02-05,2019-02-08
87260,'HBB',2010-02-13,2010-02-15,90,'REPKE','CHAE',1,1,2019-02-13,2019-02-15
78241,'HBB',2010-02-20,2010-02-28,85,'CHAMBLEE','ALTHA',2,0,2019-02-20,2019-02-28
64657,'HBB',2010-03-01,2010-03-06,115,'VIPPERMAN','PABLO',2,0,2019-03-01,2019-03-06
25558,'HBB',2010-03-17,2010-03-19,125,'SHOULDER','FLORENTINO',1,1,2019-03-17,2019-03-19
82874,'HBB',2010-03-30,2010-04-09,125,'ATTEBURG','ELMIRA',1,1,2019-03-30,2019-04-09
89780,'HBB',2010-04-09,2010-04-11,100,'WAHR','CLINT',1,0,2019-04-09,2019-04-11
63523,'HBB',2010-04-15,2010-04-16,115,'RATTANA','WINFRED',1,0,2019-04-15,2019-04-16
30723,'HBB',2010-04-16,2010-04-23,125,'MASSER','TROY',2,0,2019-04-16,2019-04-23
88884,'HBB',2010-04-27,2010-04-30,85,'KIRAKOSYAN','KAREEM',1,1,2019-04-27,2019-04-30
18019,'HBB',2010-05-03,2010-05-05,115,'ARNDELL','JEFFEREY',1,1,2019-05-03,2019-05-05
77379,'HBB',2010-05-06,2010-05-08,115,'TORNQUIST','JESS',1,0,2019-05-06,2019-05-08
45157,'HBB',2010-05-11,2010-05-18,115,'WICKLIN','WYNELL',2,0,2019-05-11,2019-05-18
77574,'HBB',2010-05-22,2010-06-03,90,'CASMORE','MARINE',1,1,2019-05-22,2019-06-03
69945,'HBB',2010-06-07,2010-06-09,115,'FLEURILUS','KATTIE',1,0,2019-06-07,2019-06-09
73154,'HBB',2010-06-14,2010-06-19,115,'SAILORS','SANDA',1,0,2019-06-14,2019-06-19
97000,'HBB',2010-06-20,2010-06-26,125,'OCHS','ANGLA',1,0,2019-06-20,2019-06-26
34855,'HBB',2010-07-01,2010-07-04,100,'YURICK','SHARA',2,0,2019-07-01,2019-07-04
86394,'HBB',2010-07-07,2010-07-09,100,'WESTLING','DACIA',2,0,2019-07-07,2019-07-09
49467,'HBB',2010-07-09,2010-07-16,115,'SUSMILCH','RAYMUNDO',1,0,2019-07-09,2019-07-16
65206,'HBB',2010-07-16,2010-07-21,100,'HIRONS','RANDAL',1,1,2019-07-16,2019-07-21
12686,'HBB',2010-07-22,2010-07-25,85,'GROWNEY','MELVIN',2,0,2019-07-22,2019-07-25
92608,'HBB',2010-07-30,2010-08-01,125,'PENCEK','SILVIA',1,0,2019-07-30,2019-08-01
71443,'HBB',2010-08-02,2010-08-05,100,'KLIMAVICIUS','ULRIKE',1,0,2019-08-02,2019-08-05
52799,'HBB',2010-08-05,2010-08-07,85,'WANDREI','ISSAC',1,0,2019-08-05,2019-08-07
41880,'HBB',2010-08-07,2010-08-09,100,'PLAKE','KARMEN',1,0,2019-08-07,2019-08-09
25262,'HBB',2010-08-09,2010-08-11,115,'YAPLE','CLAUDIE',1,0,2019-08-09,2019-08-11
10500,'HBB',2010-08-11,2010-08-12,90,'YESSIOS','ANNIS',1,0,2019-08-11,2019-08-12
97585,'HBB',2010-08-15,2010-08-16,85,'PARISER','ELIJAH',1,0,2019-08-15,2019-08-16
84334,'HBB',2010-08-19,2010-08-25,125,'NEUBECKER','GARY',2,0,2019-08-19,2019-08-25
28589,'HBB',2010-08-25,2010-08-26,115,'RIMAR','KEELY',2,0,2019-08-25,2019-08-26
62874,'HBB',2010-08-26,2010-08-27,100,'SKIBA','MITCHELL',1,1,2019-08-26,2019-08-27
46665,'HBB',2010-08-31,2010-09-09,100,'MABRA','MARGET',1,0,2019-08-31,2019-09-09
40241,'HBB',2010-09-13,2010-09-15,85,'CORSARO','SHELLA',1,1,2019-09-13,2019-09-15
48604,'HBB',2010-09-16,2010-09-22,115,'GARCES','CRISTIE',1,1,2019-09-16,2019-09-22
48665,'HBB',2010-09-26,2010-09-28,90,'STOUDYMIRE','COLUMBUS',1,1,2019-09-26,2019-09-28
20572,'HBB',2010-09-28,2010-09-29,115,'SANDLER','JENISE',2,0,2019-09-28,2019-09-29
97269,'HBB',2010-10-04,2010-10-05,115,'MELVE','PHIL',1,1,2019-10-04,2019-10-05
25616,'HBB',2010-10-05,2010-10-06,100,'KOSANOVIC','EWA',1,0,2019-10-05,2019-10-06
87713,'HBB',2010-10-08,2010-10-10,90,'TANKER','JONE',1,0,2019-10-08,2019-10-10
44040,'HBB',2010-10-15,2010-10-16,90,'ZELAYA','PRINCE',1,0,2019-10-15,2019-10-16
21202,'HBB',2010-10-21,2010-10-23,125,'CASAGRANDA','BRAIN',2,0,2019-10-21,2019-10-23
10105,'HBB',2010-10-23,2010-10-25,100,'SELBIG','CONRAD',1,0,2019-10-23,2019-10-25
19194,'HBB',2010-10-29,2010-11-05,125,'WORKINGER','CLIFTON',1,0,2019-10-29,2019-11-05
35959,'HBB',2010-11-07,2010-11-09,100,'BRAND','TROY',1,0,2019-11-07,2019-11-09
74141,'HBB',2010-11-14,2010-11-16,100,'BRODOWSKI','RODERICK',1,0,2019-11-14,2019-11-16
56737,'HBB',2010-11-17,2010-11-18,100,'PETTINE','NUMBERS',2,0,2019-11-17,2019-11-18
80302,'HBB',2010-11-22,2010-11-24,115,'KLEIMAN','MAURICIO',1,0,2019-11-22,2019-11-24
55862,'HBB',2010-11-28,2010-12-05,85,'BIERWAGEN','MARK',1,1,2019-11-28,2019-12-05
63078,'HBB',2010-12-05,2010-12-06,90,'WHITTEN','MITZI',1,0,2019-12-05,2019-12-06
63043,'HBB',2010-12-06,2010-12-07,85,'CIERPKE','DOT',1,1,2019-12-06,2019-12-07
73785,'HBB',2010-12-07,2010-12-09,100,'ROGGE','MEREDITH',2,0,2019-12-07,2019-12-09
93165,'HBB',2010-12-10,2010-12-14,90,'LEDOUX','LENA',1,0,2019-12-10,2019-12-14
58668,'HBB',2010-12-14,2010-12-19,125,'COASTER','MERLE',1,1,2019-12-14,2019-12-19
17672,'HBB',2010-12-21,2010-12-22,90,'DECHELLIS','AARON',1,0,2019-12-21,2019-12-22
84695,'HBB',2010-12-22,2010-12-23,90,'BRAND','TROY',2,0,2019-12-22,2019-12-23
38636,'HBB',2010-12-29,2010-12-31,115,'FORESTA','JORDON',1,0,2019-12-29,2019-12-31
43157,'HBB',2010-12-31,2011-01-06,100,'STURN','NEVADA',2,0,2019-12-31,2020-01-06
96005,'IBD',2010-01-01,2010-01-07,150,'BUTALA','YEVETTE',3,0,2019-01-01,2019-01-07
67066,'IBD',2010-01-07,2010-01-11,135,'EDHOLM','ALFRED',3,1,2019-01-07,2019-01-11
14226,'IBD',2010-01-11,2010-01-12,150,'SCHOENHUT','VERNICE',2,1,2019-01-11,2019-01-12
62078,'IBD',2010-01-12,2010-01-25,172.5,'BRODOWSKI','RODERICK',1,0,2019-01-12,2019-01-25
43303,'IBD',2010-01-27,2010-01-28,150,'MENINO','STEVEN',1,1,2019-01-27,2019-01-28
14678,'IBD',2010-01-28,2010-01-30,150,'SATERFIELD','FRANCISCO',3,1,2019-01-28,2019-01-30
30363,'IBD',2010-01-30,2010-02-09,172.5,'JAHALY','DELORSE',3,0,2019-01-30,2019-02-09
80613,'IBD',2010-02-09,2010-02-12,135,'CREDIT','JANESSA',1,3,2019-02-09,2019-02-12
98216,'IBD',2010-02-18,2010-02-25,150,'RAMSDEN','BILLIE',1,0,2019-02-18,2019-02-25
43654,'IBD',2010-02-27,2010-02-28,172.5,'BORROMEO','EBONY',2,1,2019-02-27,2019-02-28
56509,'IBD',2010-03-08,2010-03-10,150,'VONDRA','HUMBERTO',3,0,2019-03-08,2019-03-10
95519,'IBD',2010-03-21,2010-03-23,172.5,'ZINDEL','CHUNG',2,2,2019-03-21,2019-03-23
57275,'IBD',2010-03-28,2010-04-02,150,'MABRA','MARGET',3,0,2019-03-28,2019-04-02
66089,'IBD',2010-04-06,2010-04-07,135,'WINNEN','TYLER',2,1,2019-04-06,2019-04-07
70741,'IBD',2010-04-09,2010-04-14,150,'EERKES','CODY',3,0,2019-04-09,2019-04-14
20107,'IBD',2010-04-14,2010-04-16,135,'ARBUCKLE','LORENA',2,1,2019-04-14,2019-04-16
13136,'IBD',2010-04-16,2010-04-17,187.5,'FEYLER','EMILIA',1,0,2019-04-16,2019-04-17
33427,'IBD',2010-04-17,2010-04-21,135,'BEALLE','RASHAD',1,0,2019-04-17,2019-04-21
80989,'IBD',2010-04-24,2010-05-06,150,'TIPPIN','ASUNCION',1,0,2019-04-24,2019-05-06
97996,'IBD',2010-05-06,2010-05-07,135,'LUCIDO','AHMAD',1,1,2019-05-06,2019-05-07
55870,'IBD',2010-05-08,2010-05-13,135,'BELONGIE','BIBI',1,3,2019-05-08,2019-05-13
11645,'IBD',2010-05-13,2010-05-19,135,'SWAIT','DAN',2,1,2019-05-13,2019-05-19
19394,'IBD',2010-05-23,2010-05-25,150,'HARPE','GERMAN',1,2,2019-05-23,2019-05-25
99845,'IBD',2010-05-27,2010-05-28,150,'SEVILLANO','LILLI',3,0,2019-05-27,2019-05-28
32933,'IBD',2010-06-05,2010-06-06,135,'MURASSO','JAMIE',2,1,2019-06-05,2019-06-06
83021,'IBD',2010-06-06,2010-06-07,172.5,'KLAVETTER','DOUGLASS',1,3,2019-06-06,2019-06-07
65153,'IBD',2010-06-12,2010-06-14,150,'VEGHER','ANGELA',1,2,2019-06-12,2019-06-14
96983,'IBD',2010-06-18,2010-06-23,127.5,'CLOWERD','ARNULFO',2,1,2019-06-18,2019-06-23
86560,'IBD',2010-06-23,2010-06-24,187.5,'SHUTTERS','CLARINDA',3,1,2019-06-23,2019-06-24
87086,'IBD',2010-06-28,2010-07-07,150,'WAGERS','HOUSTON',1,0,2019-06-28,2019-07-07
98882,'IBD',2010-07-07,2010-07-14,127.5,'GOON','JONE',1,0,2019-07-07,2019-07-14
27983,'IBD',2010-07-22,2010-07-24,135,'SWARTWOOD','JENI',3,1,2019-07-22,2019-07-24
37425,'IBD',2010-07-26,2010-07-28,150,'FIERECK','ALBERTA',4,0,2019-07-26,2019-07-28
17222,'IBD',2010-07-28,2010-08-07,150,'BOHMAN','LAYNE',1,3,2019-07-28,2019-08-07
20269,'IBD',2010-08-12,2010-08-19,135,'BILLICK','NIEVES',1,0,2019-08-12,2019-08-19
24326,'IBD',2010-08-19,2010-08-21,135,'CULMER','LLOYD',1,3,2019-08-19,2019-08-21
63600,'IBD',2010-08-21,2010-08-28,150,'WEARS','LIBBIE',3,0,2019-08-21,2019-08-28
37845,'IBD',2010-08-29,2010-08-30,127.5,'PENEZ','AMIEE',1,0,2019-08-29,2019-08-30
24986,'IBD',2010-08-30,2010-09-01,150,'HEATH','PASQUALE',4,0,2019-08-30,2019-09-01
12085,'IBD',2010-09-04,2010-09-08,135,'GLASGLOW','EMMANUEL',2,0,2019-09-04,2019-09-08
29937,'IBD',2010-09-08,2010-09-10,150,'OBERHAUSEN','JODY',2,1,2019-09-08,2019-09-10
11703,'IBD',2010-09-10,2010-09-11,172.5,'HAVIS','SHERILYN',2,0,2019-09-10,2019-09-11
10183,'IBD',2010-09-19,2010-09-20,150,'GABLER','DOLLIE',2,0,2019-09-19,2019-09-20
14149,'IBD',2010-09-20,2010-09-22,150,'HOULIHAN','LEVI',2,1,2019-09-20,2019-09-22
17405,'IBD',2010-10-02,2010-10-03,127.5,'KESTER','KIZZY',3,1,2019-10-02,2019-10-03
21625,'IBD',2010-10-03,2010-10-14,187.5,'BOSE','FRANCISCO',1,2,2019-10-03,2019-10-14
43651,'IBD',2010-10-19,2010-10-21,150,'LAGERMAN','LEOLA',2,0,2019-10-19,2019-10-21
37060,'IBD',2010-10-21,2010-10-23,150,'PASSANTINO','DALLAS',1,3,2019-10-21,2019-10-23
66548,'IBD',2010-10-23,2010-10-26,150,'FEASTER','KRISTOPHER',3,0,2019-10-23,2019-10-26
11857,'IBD',2010-10-27,2010-10-29,187.5,'HARDINA','LORITA',4,0,2019-10-27,2019-10-29
33395,'IBD',2010-10-31,2010-11-02,150,'METER','ROSA',2,0,2019-10-31,2019-11-02
43584,'IBD',2010-11-02,2010-11-04,135,'BRUSKI','MONTY',1,2,2019-11-02,2019-11-04
93736,'IBD',2010-11-07,2010-11-10,135,'TREGRE','COLTON',2,1,2019-11-07,2019-11-10
44310,'IBD',2010-11-15,2010-11-21,135,'DIEZ','NADIA',4,0,2019-11-15,2019-11-21
47511,'IBD',2010-11-21,2010-11-22,172.5,'VELIE','NIKKI',1,2,2019-11-21,2019-11-22
88892,'IBD',2010-11-22,2010-11-26,187.5,'MARKWORTH','DESPINA',4,0,2019-11-22,2019-11-26
26798,'IBD',2010-11-30,2010-12-06,135,'BONJORNO','IGNACIO',1,1,2019-11-30,2019-12-06
33195,'IBD',2010-12-06,2010-12-12,150,'DEHLINGER','VANCE',3,1,2019-12-06,2019-12-12
72506,'IBD',2010-12-12,2010-12-25,150,'KNERIEN','GRANT',2,0,2019-12-12,2019-12-25
70889,'IBD',2010-12-25,2010-12-26,172.5,'DINUNZIO','FELIPE',1,3,2019-12-25,2019-12-26
72890,'IBD',2010-12-26,2010-12-27,172.5,'AKHTAR','BENTON',1,0,2019-12-26,2019-12-27
71679,'IBD',2010-12-27,2010-12-31,172.5,'MIKEL','BRIGIDA',1,0,2019-12-27,2019-12-31
43692,'IBD',2010-12-31,2011-01-01,172.5,'BEAMON','HYACINTH',1,0,2019-12-31,2020-01-01
83481,'TAA',2010-01-03,2010-01-07,67.5,'ENGELSON','MIKKI',2,0,2019-01-03,2019-01-07
38209,'TAA',2010-01-08,2010-01-13,86.25,'ECKERT','EDIE',1,0,2019-01-08,2019-01-13
89102,'TAA',2010-01-14,2010-01-15,67.5,'CARBACK','ZOLA',2,0,2019-01-14,2019-01-15
87915,'TAA',2010-01-18,2010-01-24,63.75,'ACHENBACH','HERB',1,0,2019-01-18,2019-01-24
57627,'TAA',2010-01-29,2010-02-05,67.5,'SWEAZY','ROY',1,1,2019-01-29,2019-02-05
77911,'TAA',2010-02-05,2010-02-07,75,'WIDOWSKI','EUSEBIO',2,0,2019-02-05,2019-02-07
56475,'TAA',2010-02-07,2010-02-08,93.75,'KLIGER','TRICIA',1,0,2019-02-07,2019-02-08
89519,'TAA',2010-02-09,2010-02-10,75,'STIMSON','NICOLA',1,0,2019-02-09,2019-02-10
62313,'TAA',2010-02-10,2010-02-12,86.25,'WAEGNER','BROOKS',1,1,2019-02-10,2019-02-12
68829,'TAA',2010-02-12,2010-02-15,67.5,'POIRRIER','SUZETTE',1,1,2019-02-12,2019-02-15
84756,'TAA',2010-02-19,2010-02-22,75,'CARLYLE','BILLYE',1,1,2019-02-19,2019-02-22
13972,'TAA',2010-02-22,2010-02-25,67.5,'DAYA','COREY',2,0,2019-02-22,2019-02-25
55985,'TAA',2010-02-25,2010-02-26,86.25,'BASSI','DUSTY',1,0,2019-02-25,2019-02-26
92508,'TAA',2010-02-26,2010-02-27,75,'MULE','DIONNA',2,0,2019-02-26,2019-02-27
56344,'TAA',2010-03-02,2010-03-03,86.25,'INGUARDSEN','HARRISON',1,0,2019-03-02,2019-03-03
24420,'TAA',2010-03-03,2010-03-12,75,'SCHLESSER','FLOYD',1,1,2019-03-03,2019-03-12
74927,'TAA',2010-03-24,2010-03-26,67.5,'MACROSTIE','SABRINA',1,0,2019-03-24,2019-03-26
69499,'TAA',2010-03-27,2010-03-29,75,'AKHTAR','BENTON',1,0,2019-03-27,2019-03-29
44771,'TAA',2010-03-29,2010-03-30,67.5,'NOBLIN','BELKIS',2,0,2019-03-29,2019-03-30
31636,'TAA',2010-04-09,2010-04-11,75,'FAGERSTROM','ALLAN',1,0,2019-04-09,2019-04-11
36855,'TAA',2010-04-13,2010-04-14,67.5,'TRAMM','SANG',1,0,2019-04-13,2019-04-14
92463,'TAA',2010-04-14,2010-04-15,75,'DAOUD','STEPHEN',1,0,2019-04-14,2019-04-15
26423,'TAA',2010-04-15,2010-04-18,86.25,'DEININGER','RICKIE',1,1,2019-04-15,2019-04-18
49886,'TAA',2010-04-21,2010-04-27,86.25,'BRINAR','WOODROW',1,1,2019-04-21,2019-04-27
75081,'TAA',2010-04-27,2010-05-07,75,'HANSEN','LAREE',1,0,2019-04-27,2019-05-07
29496,'TAA',2010-05-07,2010-05-14,75,'HONIGSBERG','PEARLENE',1,0,2019-05-07,2019-05-14
97924,'TAA',2010-05-19,2010-05-21,75,'SPECTOR','FRITZ',2,0,2019-05-19,2019-05-21
61861,'TAA',2010-05-30,2010-06-12,86.25,'EASTLING','AUNDREA',1,0,2019-05-30,2019-06-12
27125,'TAA',2010-06-13,2010-06-15,75,'BOESER','DIVINA',1,0,2019-06-13,2019-06-15
26487,'TAA',2010-06-15,2010-06-19,63.75,'JUHL','MILLARD',1,0,2019-06-15,2019-06-19
97491,'TAA',2010-06-19,2010-06-23,86.25,'BALCOM','JOEY',1,0,2019-06-19,2019-06-23
49153,'TAA',2010-06-23,2010-06-30,86.25,'ZEPEDA','ELANA',1,0,2019-06-23,2019-06-30
68265,'TAA',2010-06-30,2010-07-03,67.5,'BREGER','BOYD',2,0,2019-06-30,2019-07-03
94949,'TAA',2010-07-03,2010-07-09,75,'FINEFROCK','ALEXIS',1,1,2019-07-03,2019-07-09
67917,'TAA',2010-07-09,2010-07-13,75,'SALERNO','LOU',1,0,2019-07-09,2019-07-13
86151,'TAA',2010-07-13,2010-07-15,67.5,'RIOPEL','TANA',1,1,2019-07-13,2019-07-15
32112,'TAA',2010-07-20,2010-07-27,75,'SAMPLES','CLAIR',1,0,2019-07-20,2019-07-27
94735,'TAA',2010-07-31,2010-08-05,75,'ALMGREN','CHANTAY',1,1,2019-07-31,2019-08-05
89433,'TAA',2010-08-08,2010-08-18,63.75,'SHALHOUP','AMAL',1,0,2019-08-08,2019-08-18
19017,'TAA',2010-08-18,2010-08-30,86.25,'EERKES','CODY',2,0,2019-08-18,2019-08-30
38017,'TAA',2010-09-05,2010-09-07,75,'SHOULDER','FLORENTINO',2,0,2019-09-05,2019-09-07
85547,'TAA',2010-09-11,2010-09-16,93.75,'EMIGHOLZ','ERWIN',1,1,2019-09-11,2019-09-16
35546,'TAA',2010-09-19,2010-09-24,67.5,'YUK','TIM',1,0,2019-09-19,2019-09-24
32552,'TAA',2010-10-11,2010-10-12,75,'MIDTHUN','EMMANUEL',1,0,2019-10-11,2019-10-12
16693,'TAA',2010-10-17,2010-10-18,67.5,'ASHCROFT','RONALD',1,0,2019-10-17,2019-10-18
20463,'TAA',2010-10-19,2010-10-22,75,'VANBLARICUM','CRISTIE',1,1,2019-10-19,2019-10-22
69654,'TAA',2010-10-23,2010-10-29,75,'TOLLINCHI','CHRISTOPER',2,0,2019-10-23,2019-10-29
67381,'TAA',2010-11-02,2010-11-04,75,'GUERETTE','CLARETTA',2,0,2019-11-02,2019-11-04
58942,'TAA',2010-11-04,2010-11-08,75,'HULETTE','DARIUS',1,0,2019-11-04,2019-11-08
76087,'TAA',2010-11-18,2010-11-23,67.5,'SELIGA','LEOPOLDO',1,1,2019-11-18,2019-11-23
81825,'TAA',2010-11-25,2010-11-27,86.25,'DEVEY','GIUSEPPE',1,1,2019-11-25,2019-11-27
90621,'TAA',2010-11-28,2010-11-30,86.25,'RENDLEMAN','JULI',1,0,2019-11-28,2019-11-30
42000,'TAA',2010-12-04,2010-12-11,93.75,'STRINGFELLOW','GEARLDINE',2,0,2019-12-04,2019-12-11
33013,'TAA',2010-12-16,2010-12-18,67.5,'STYCH','DIA',1,0,2019-12-16,2019-12-18
33339,'TAA',2010-12-22,2010-12-27,67.5,'WISSINGER','JACQUES',1,0,2019-12-22,2019-12-27
54274,'TAA',2010-12-27,2010-12-28,75,'PEYATT','SHERON',1,0,2019-12-27,2019-12-28
84497,'TAA',2010-12-28,2010-12-29,75,'FRERICKS','RONNY',2,0,2019-12-28,2019-12-29
46908,'TAA',2010-12-29,2010-12-30,86.25,'PULOS','ROBERTO',1,0,2019-12-29,2019-12-30
47108,'TAA',2010-12-30,2011-01-12,75,'WILCUTT','BLAINE',1,0,2019-12-30,2020-01-12
87722,'CAS',2010-01-01,2010-01-07,175,'GIERLING','TRENT',2,0,2019-01-01,2019-01-07
24980,'CAS',2010-01-07,2010-01-08,201.25,'GRONDAHL','ELVINA',1,0,2019-01-07,2019-01-08
38140,'CAS',2010-01-22,2010-01-23,218.75,'KUDRON','CATHERIN',3,0,2019-01-22,2019-01-23
75632,'CAS',2010-01-26,2010-01-27,148.75,'DONIGAN','GLEN',2,1,2019-01-26,2019-01-27
97542,'CAS',2010-01-27,2010-01-29,175,'GARZONE','EDISON',3,0,2019-01-27,2019-01-29
89101,'CAS',2010-01-29,2010-01-30,201.25,'GIOVANINI','ROXANE',1,1,2019-01-29,2019-01-30
57298,'CAS',2010-01-30,2010-02-03,148.75,'KNOP','JEFFRY',1,0,2019-01-30,2019-02-03
56797,'CAS',2010-02-03,2010-02-05,175,'PFEUFFER','VALENTIN',3,0,2019-02-03,2019-02-05
32138,'CAS',2010-02-05,2010-02-07,175,'KOEHNE','YUONNE',3,1,2019-02-05,2019-02-07
74036,'CAS',2010-02-08,2010-02-14,175,'MANTERNACH','ALBERTA',2,0,2019-02-08,2019-02-14
90483,'CAS',2010-02-14,2010-02-25,175,'HUIZINGA','GILBERT',2,1,2019-02-14,2019-02-25
83347,'CAS',2010-02-26,2010-02-28,201.25,'MCCULLARS','ALEIDA',2,0,2019-02-26,2019-02-28
99340,'CAS',2010-03-04,2010-03-05,175,'DONIGAN','GLEN',3,0,2019-03-04,2019-03-05
90569,'CAS',2010-03-06,2010-03-07,201.25,'LIBBERTON','SAM',1,0,2019-03-06,2019-03-07
36156,'CAS',2010-03-07,2010-03-12,175,'GUILFOIL','KOREY',2,0,2019-03-07,2019-03-12
66494,'CAS',2010-03-14,2010-03-18,157.5,'KOLB','ENA',3,0,2019-03-14,2019-03-18
11718,'CAS',2010-03-18,2010-03-19,157.5,'GLIWSKI','DAN',2,1,2019-03-18,2019-03-19
20991,'CAS',2010-03-19,2010-04-01,201.25,'PLYMEL','STEPHEN',1,0,2019-03-19,2019-04-01
92372,'CAS',2010-04-01,2010-04-03,175,'GOODHUE','RUSSELL',1,0,2019-04-01,2019-04-03
46496,'CAS',2010-04-08,2010-04-12,175,'ALWINE','SHAWANDA',3,0,2019-04-08,2019-04-12
31695,'CAS',2010-04-16,2010-04-18,148.75,'KEPKE','HAROLD',2,0,2019-04-16,2019-04-18
14644,'CAS',2010-04-23,2010-04-24,148.75,'VOLANTE','EMERY',4,0,2019-04-23,2019-04-24
12631,'CAS',2010-04-24,2010-04-26,175,'ONEEL','PASQUALE',1,0,2019-04-24,2019-04-26
83133,'CAS',2010-04-26,2010-04-27,175,'JEE','HERMAN',2,2,2019-04-26,2019-04-27
93732,'CAS',2010-04-30,2010-05-02,157.5,'STARE','ELIJAH',1,0,2019-04-30,2019-05-02
82884,'CAS',2010-05-07,2010-05-08,157.5,'LEVAR','NYLA',2,1,2019-05-07,2019-05-08
13192,'CAS',2010-05-08,2010-05-15,175,'MCCORVEY','JESUS',1,0,2019-05-08,2019-05-15
46797,'CAS',2010-05-15,2010-05-16,175,'VANBLARICUM','CRISTIE',3,1,2019-05-15,2019-05-16
93382,'CAS',2010-05-16,2010-05-22,175,'PACHERO','MAGAN',2,2,2019-05-16,2019-05-22
83866,'CAS',2010-06-01,2010-06-05,148.75,'BARBER','CALEB',3,0,2019-06-01,2019-06-05
70937,'CAS',2010-06-06,2010-06-07,148.75,'BERTINI','DYAN',3,0,2019-06-06,2019-06-07
92150,'CAS',2010-06-13,2010-06-16,157.5,'BOBSEINE','HUMBERTO',1,2,2019-06-13,2019-06-16
87631,'CAS',2010-06-16,2010-06-23,175,'EDEMANN','KACI',1,0,2019-06-16,2019-06-23
70863,'CAS',2010-06-23,2010-07-05,201.25,'MUHLESTEIN','REINALDO',1,2,2019-06-23,2019-07-05
29003,'CAS',2010-07-05,2010-07-07,175,'MASSER','TROY',1,1,2019-07-05,2019-07-07
21050,'CAS',2010-07-11,2010-07-17,175,'CHATTERJEE','ALFRED',3,0,2019-07-11,2019-07-17
59593,'CAS',2010-07-17,2010-07-18,218.75,'GRULKEY','JULIO',1,3,2019-07-17,2019-07-18
92515,'CAS',2010-07-18,2010-07-25,201.25,'LIESTMAN','TOVA',2,0,2019-07-18,2019-07-25
80282,'CAS',2010-07-27,2010-07-29,157.5,'PETERSON','SHARRI',1,1,2019-07-27,2019-07-29
42424,'CAS',2010-08-01,2010-08-14,157.5,'SCARPINO','BERNITA',2,0,2019-08-01,2019-08-14
19812,'CAS',2010-08-14,2010-08-15,157.5,'MCCARTER','IVAN',3,1,2019-08-14,2019-08-15
85102,'CAS',2010-08-15,2010-08-16,201.25,'GIANOPULOS','LYLA',1,0,2019-08-15,2019-08-16
90653,'CAS',2010-08-16,2010-08-17,175,'SHIYOU','SYLVIE',1,0,2019-08-16,2019-08-17
32565,'CAS',2010-08-21,2010-08-26,157.5,'KALAFATIS','KEITH',3,0,2019-08-21,2019-08-26
28447,'CAS',2010-08-26,2010-08-27,175,'GEOHAGAN','ISSAC',2,2,2019-08-26,2019-08-27
75770,'CAS',2010-08-27,2010-08-29,175,'TRIGLETH','REYES',3,0,2019-08-27,2019-08-29
26380,'CAS',2010-08-30,2010-08-31,201.25,'KABZINSKI','MILLIE',1,0,2019-08-30,2019-08-31
15059,'CAS',2010-08-31,2010-09-07,157.5,'LERCH','NICKY',3,1,2019-08-31,2019-09-07
21863,'CAS',2010-09-07,2010-09-08,175,'ARGOTE','ODELIA',1,0,2019-09-07,2019-09-08
62161,'CAS',2010-09-08,2010-09-09,157.5,'IKEDA','FREEMAN',1,0,2019-09-08,2019-09-09
32781,'CAS',2010-09-09,2010-09-15,175,'DURAN','BO',2,2,2019-09-09,2019-09-15
98805,'CAS',2010-09-16,2010-09-18,175,'WITHFIELD','IVORY',1,1,2019-09-16,2019-09-18
37456,'CAS',2010-09-18,2010-09-19,175,'BOWEN','NIDA',2,0,2019-09-18,2019-09-19
10990,'CAS',2010-09-21,2010-09-27,175,'TRACHSEL','DAMIEN',1,3,2019-09-21,2019-09-27
72813,'CAS',2010-09-29,2010-10-03,201.25,'WEINLAND','BEV',3,1,2019-09-29,2019-10-03
21216,'CAS',2010-10-03,2010-10-04,201.25,'VANNAMAN','ERICH',1,0,2019-10-03,2019-10-04
98711,'CAS',2010-10-08,2010-10-09,201.25,'ROSSEY','ALLEN',1,0,2019-10-08,2019-10-09
88863,'CAS',2010-10-22,2010-10-23,175,'TOAN','YONG',1,0,2019-10-22,2019-10-23
60313,'CAS',2010-10-28,2010-10-30,218.75,'SLONE','LARITA',1,1,2019-10-28,2019-10-30
80582,'CAS',2010-10-30,2010-11-09,201.25,'PFEUFFER','FREDRICK',1,0,2019-10-30,2019-11-09
98328,'CAS',2010-11-14,2010-11-15,201.25,'MORAWSKI','KRIS',1,3,2019-11-14,2019-11-15
16234,'CAS',2010-11-15,2010-11-16,157.5,'GRABILL','JULEE',2,0,2019-11-15,2019-11-16
32739,'CAS',2010-11-20,2010-11-24,148.75,'SHAFE','TUAN',1,2,2019-11-20,2019-11-24
94073,'CAS',2010-11-27,2010-12-03,175,'MANSELL','FLORENTINO',1,0,2019-11-27,2019-12-03
32015,'CAS',2010-12-03,2010-12-05,201.25,'EADER','JACKIE',2,0,2019-12-03,2019-12-05
59986,'CAS',2010-12-05,2010-12-09,175,'WEINAND','HARRIETT',1,0,2019-12-05,2019-12-09
36345,'CAS',2010-12-10,2010-12-12,157.5,'TURVAVILLE','TYLER',1,0,2019-12-10,2019-12-12
99478,'CAS',2010-12-29,2010-12-31,157.5,'WENRICH','ELWOOD',3,0,2019-12-29,2019-12-31
93389,'CAS',2010-12-31,2011-01-08,218.75,'PELLOWSKI','ELKE',1,0,2019-12-31,2020-01-08
32896,'RTE',2010-01-06,2010-01-13,157.5,'LUTFY','LIZETTE',1,2,2019-01-06,2019-01-13
24412,'RTE',2010-01-23,2010-01-30,175,'PENEZ','AMIEE',2,0,2019-01-23,2019-01-30
76432,'RTE',2010-01-30,2010-02-03,148.75,'DIEUDONNE','KRYSTEN',2,2,2019-01-30,2019-02-03
62024,'RTE',2010-02-06,2010-02-12,157.5,'LUTTRELL','MONTY',1,3,2019-02-06,2019-02-12
25374,'RTE',2010-02-15,2010-02-17,157.5,'JASPERS','LIBBIE',1,0,2019-02-15,2019-02-17
45483,'RTE',2010-02-17,2010-02-18,157.5,'JENQUIN','JAY',2,0,2019-02-17,2019-02-18
77094,'RTE',2010-02-23,2010-02-27,218.75,'DISHAW','CODY',1,2,2019-02-23,2019-02-27
93672,'RTE',2010-02-28,2010-03-04,148.75,'SOMO','FELICITAS',1,1,2019-02-28,2019-03-04
49606,'RTE',2010-03-04,2010-03-05,201.25,'YOKUM','GARRY',1,3,2019-03-04,2019-03-05
23740,'RTE',2010-03-07,2010-03-12,218.75,'NOWLEY','ROMEO',2,0,2019-03-07,2019-03-12
14447,'RTE',2010-03-14,2010-03-18,201.25,'MAASCH','CHARISSA',2,0,2019-03-14,2019-03-18
52353,'RTE',2010-03-31,2010-04-07,201.25,'WISWELL','JERROD',1,0,2019-03-31,2019-04-07
45279,'RTE',2010-04-08,2010-04-12,201.25,'HALBERSTAM','SHERRILL',4,0,2019-04-08,2019-04-12
50459,'RTE',2010-04-14,2010-04-15,218.75,'LORENZANO','SON',1,2,2019-04-14,2019-04-15
50458,'RTE',2010-04-18,2010-04-20,175,'VOLANTE','EMERY',1,2,2019-04-18,2019-04-20
98557,'RTE',2010-04-20,2010-04-21,218.75,'MAIDENS','THOMASINE',1,2,2019-04-20,2019-04-21
25010,'RTE',2010-04-22,2010-05-01,201.25,'WESTRUM','TIMMY',2,2,2019-04-22,2019-05-01
54061,'RTE',2010-05-05,2010-05-12,175,'BARTHELL','RICARDA',1,0,2019-05-05,2019-05-12
79213,'RTE',2010-05-17,2010-05-29,157.5,'NEUZIL','MIREYA',1,3,2019-05-17,2019-05-29
34999,'RTE',2010-06-15,2010-06-19,175,'DANIELLO','RUDOLF',1,1,2019-06-15,2019-06-19
37309,'RTE',2010-06-19,2010-06-21,175,'PERRINO','DENNY',3,1,2019-06-19,2019-06-21
48854,'RTE',2010-06-26,2010-06-27,175,'TROKEY','INGRID',2,0,2019-06-26,2019-06-27
22954,'RTE',2010-06-27,2010-07-04,157.5,'ALLAIRE','RAMONA',1,1,2019-06-27,2019-07-04
14896,'RTE',2010-07-04,2010-07-06,148.75,'KUDRON','CATHERIN',1,1,2019-07-04,2019-07-06
30186,'RTE',2010-07-06,2010-07-07,175,'MAKI','ADAN',1,0,2019-07-06,2019-07-07
53186,'RTE',2010-07-09,2010-07-14,157.5,'MANARD','ARDELIA',1,0,2019-07-09,2019-07-14
43707,'RTE',2010-07-14,2010-07-16,175,'GUT','ALEJANDRA',1,1,2019-07-14,2019-07-16
71343,'RTE',2010-07-19,2010-07-21,201.25,'TOWBER','MODESTO',1,0,2019-07-19,2019-07-21
81785,'RTE',2010-07-23,2010-07-24,157.5,'FALT','SHAWN',1,0,2019-07-23,2019-07-24
49802,'RTE',2010-07-30,2010-08-04,157.5,'CONRAD','ELODIA',1,1,2019-07-30,2019-08-04
77535,'RTE',2010-08-08,2010-08-12,201.25,'KEBEDE','ARON',1,3,2019-08-08,2019-08-12
12142,'RTE',2010-08-13,2010-08-23,175,'JUNOR','LENNY',3,1,2019-08-13,2019-08-23
18398,'RTE',2010-08-23,2010-08-24,175,'PARAGAS','ALVIN',1,1,2019-08-23,2019-08-24
79161,'RTE',2010-08-24,2010-08-25,175,'RUBERTI','DOMINIC',1,0,2019-08-24,2019-08-25
82503,'RTE',2010-08-27,2010-08-29,175,'RIINA','TATIANA',2,2,2019-08-27,2019-08-29
80760,'RTE',2010-09-03,2010-09-04,175,'DELISSER','COLEMAN',3,1,2019-09-03,2019-09-04
42688,'RTE',2010-09-04,2010-09-08,148.75,'BRIERTON','MAJOR',1,2,2019-09-04,2019-09-08
73364,'RTE',2010-09-09,2010-09-10,157.5,'MAROUN','MARTH',1,0,2019-09-09,2019-09-10
49609,'RTE',2010-09-12,2010-09-17,175,'ZEPEDA','ELANA',2,2,2019-09-12,2019-09-17
45022,'RTE',2010-09-20,2010-09-21,175,'PAILET','GIUSEPPE',3,1,2019-09-20,2019-09-21
15192,'RTE',2010-09-22,2010-09-23,175,'JEFFRYES','DANILO',1,0,2019-09-22,2019-09-23
15428,'RTE',2010-09-25,2010-09-27,175,'BROOKSHEAR','NAPOLEON',2,0,2019-09-25,2019-09-27
57909,'RTE',2010-10-02,2010-10-06,201.25,'OULETTE','ALDO',1,0,2019-10-02,2019-10-06
28353,'RTE',2010-10-06,2010-10-08,148.75,'PINNELL','ANITA',1,2,2019-10-06,2019-10-08
71802,'RTE',2010-10-23,2010-10-29,201.25,'GOODHUE','RUSSELL',1,0,2019-10-23,2019-10-29
87949,'RTE',2010-11-02,2010-11-03,201.25,'SCHWEITZ','DANNETTE',3,1,2019-11-02,2019-11-03
19701,'RTE',2010-11-14,2010-11-15,201.25,'HOTELLING','REGENIA',1,0,2019-11-14,2019-11-15
79296,'RTE',2010-11-15,2010-11-17,175,'BLACKMORE','APRYL',1,0,2019-11-15,2019-11-17
85166,'RTE',2010-11-17,2010-11-19,201.25,'RAUGHT','DARON',3,1,2019-11-17,2019-11-19
21490,'RTE',2010-11-23,2010-11-24,175,'PAVLOCK','MARCELO',2,2,2019-11-23,2019-11-24
45745,'RTE',2010-11-29,2010-11-30,175,'MEGGS','CARY',1,0,2019-11-29,2019-11-30
83487,'RTE',2010-11-30,2010-12-02,175,'SHARRER','SHARA',1,0,2019-11-30,2019-12-02
38293,'RTE',2010-12-17,2010-12-19,157.5,'SCHOSSOW','BO',3,1,2019-12-17,2019-12-19
17480,'RTE',2010-12-22,2010-12-28,157.5,'DEBARDELABEN','NELL',3,0,2019-12-22,2019-12-28
64785,'RTE',2010-12-28,2011-01-04,148.75,'MAEWEATHER','AUGUST',3,0,2019-12-28,2020-01-04
56517,'FNA',2010-01-01,2010-01-04,225,'TUPPEN','HANS',1,1,2019-01-01,2019-01-04
65186,'FNA',2010-01-13,2010-01-15,250,'GOSSERAND','CURTIS',2,1,2019-01-13,2019-01-15
25966,'FNA',2010-01-15,2010-01-17,212.5,'DUMAN','LUKE',3,1,2019-01-15,2019-01-17
66899,'FNA',2010-01-18,2010-01-19,225,'TUNE','MARISSA',1,0,2019-01-18,2019-01-19
58779,'FNA',2010-01-19,2010-01-21,250,'ZENTNER','ROBBIE',1,1,2019-01-19,2019-01-21
93918,'FNA',2010-01-26,2010-01-31,250,'HARDACRE','NEIL',3,0,2019-01-26,2019-01-31
51685,'FNA',2010-02-03,2010-02-04,250,'EIMER','LYNELLE',2,0,2019-02-03,2019-02-04
28499,'FNA',2010-02-04,2010-02-05,212.5,'DOMINGUEZ','STACEY',1,1,2019-02-04,2019-02-05
95600,'FNA',2010-02-05,2010-02-07,225,'MOUTON','CASANDRA',4,0,2019-02-05,2019-02-07
14834,'FNA',2010-02-07,2010-02-13,225,'WITTROCK','DEBBIE',1,2,2019-02-07,2019-02-13
71009,'FNA',2010-02-18,2010-02-20,250,'OXBORROW','CARLETTA',2,0,2019-02-18,2019-02-20
63153,'FNA',2010-02-20,2010-02-22,312.5,'TROKEY','INGRID',4,0,2019-02-20,2019-02-22
28771,'FNA',2010-02-26,2010-03-09,250,'MORRISSETTE','FAVIOLA',3,1,2019-02-26,2019-03-09
13205,'FNA',2010-03-14,2010-03-18,250,'VANDOREN','MAJOR',1,0,2019-03-14,2019-03-18
72656,'FNA',2010-03-18,2010-03-19,250,'PICHARD','HOLLIS',1,3,2019-03-18,2019-03-19
67292,'FNA',2010-03-24,2010-03-28,287.5,'GUEDESSE','SOL',3,0,2019-03-24,2019-03-28
22169,'FNA',2010-04-06,2010-04-07,287.5,'SCHUL','HOYT',1,0,2019-04-06,2019-04-07
65283,'FNA',2010-04-08,2010-04-09,287.5,'ALLAIRE','RAMONA',2,0,2019-04-08,2019-04-09
11631,'FNA',2010-04-10,2010-04-12,312.5,'ESPINO','MARCELINA',2,1,2019-04-10,2019-04-12
83396,'FNA',2010-04-12,2010-04-13,250,'DRDA','LESTER',1,1,2019-04-12,2019-04-13
99863,'FNA',2010-04-17,2010-04-19,250,'ARBUCKLE','LORENA',4,0,2019-04-17,2019-04-19
54811,'FNA',2010-04-19,2010-04-20,225,'KLEVER','ERASMO',2,1,2019-04-19,2019-04-20
47352,'FNA',2010-04-20,2010-04-24,225,'MARZETT','JOSEPH',1,1,2019-04-20,2019-04-24
28691,'FNA',2010-04-24,2010-04-26,225,'SLUKA','AIKO',1,1,2019-04-24,2019-04-26
73732,'FNA',2010-04-26,2010-04-28,250,'RODERICK','JOSLYN',1,0,2019-04-26,2019-04-28
26561,'FNA',2010-04-29,2010-05-03,250,'DYDA','DORIAN',2,2,2019-04-29,2019-05-03
80964,'FNA',2010-05-03,2010-05-10,225,'RHYME','QUINN',4,0,2019-05-03,2019-05-10
85215,'FNA',2010-05-14,2010-05-21,250,'TEHNEY','DARRYL',1,0,2019-05-14,2019-05-21
60205,'FNA',2010-05-22,2010-05-31,225,'FRAINE','MANDA',1,1,2019-05-22,2019-05-31
37773,'FNA',2010-05-31,2010-06-06,312.5,'BOUGIE','MONTE',1,1,2019-05-31,2019-06-06
69796,'FNA',2010-06-09,2010-06-11,250,'LUANGSINGOTHA','WILHELMINA',1,3,2019-06-09,2019-06-11
19494,'FNA',2010-06-12,2010-06-19,287.5,'VORWERK','DORINE',1,0,2019-06-12,2019-06-19
41037,'FNA',2010-06-19,2010-07-02,225,'DUB','SUZANNE',1,0,2019-06-19,2019-07-02
74117,'FNA',2010-07-02,2010-07-04,225,'HORTILLOSA','FREDDY',1,0,2019-07-02,2019-07-04
17338,'FNA',2010-07-04,2010-07-05,287.5,'RUBY','QUENTIN',2,2,2019-07-04,2019-07-05
71818,'FNA',2010-07-05,2010-07-06,250,'SALOWITZ','QUEEN',2,1,2019-07-05,2019-07-06
99419,'FNA',2010-07-11,2010-07-12,250,'DALGLEISH','RYAN',4,0,2019-07-11,2019-07-12
87412,'FNA',2010-07-16,2010-07-22,250,'HARE','ELSIE',2,2,2019-07-16,2019-07-22
71902,'FNA',2010-07-27,2010-07-31,250,'ANNABLE','IRA',1,0,2019-07-27,2019-07-31
94437,'FNA',2010-07-31,2010-08-02,250,'SVATEK','KELLY',2,0,2019-07-31,2019-08-02
82515,'FNA',2010-08-02,2010-08-03,287.5,'ALWINE','SHAWANDA',1,2,2019-08-02,2019-08-03
79615,'FNA',2010-08-03,2010-08-05,250,'CONRAD','ELODIA',1,2,2019-08-03,2019-08-05
22615,'FNA',2010-08-09,2010-08-10,212.5,'QUISPE','MARGARITO',1,1,2019-08-09,2019-08-10
59166,'FNA',2010-08-20,2010-08-21,250,'TANI','DOMINICK',3,0,2019-08-20,2019-08-21
23302,'FNA',2010-08-21,2010-08-22,287.5,'CONSTABLE','RASHAD',1,2,2019-08-21,2019-08-22
53668,'FNA',2010-08-22,2010-08-24,287.5,'FIGUROA','BEN',1,0,2019-08-22,2019-08-24
30671,'FNA',2010-08-29,2010-09-01,225,'KON','DEWAYNE',1,1,2019-08-29,2019-09-01
35922,'FNA',2010-09-01,2010-09-02,287.5,'SINGERMAN','YAN',1,0,2019-09-01,2019-09-02
75457,'FNA',2010-09-05,2010-09-07,225,'SEGO','HUNG',1,0,2019-09-05,2019-09-07
16061,'FNA',2010-09-11,2010-09-14,312.5,'ENDLER','ODIS',2,1,2019-09-11,2019-09-14
25389,'FNA',2010-09-19,2010-09-21,212.5,'INTERRANTE','EMMITT',3,1,2019-09-19,2019-09-21
60454,'FNA',2010-10-06,2010-10-08,225,'GOLSTON','CONSUELA',2,2,2019-10-06,2019-10-08
28198,'FNA',2010-10-08,2010-10-18,225,'SAPORITO','ANDREAS',1,0,2019-10-08,2019-10-18
39910,'FNA',2010-10-19,2010-10-21,250,'KAMINSKY','DANNY',1,0,2019-10-19,2019-10-21
92303,'FNA',2010-11-04,2010-11-10,287.5,'BRISENDINE','JEWEL',1,0,2019-11-04,2019-11-10
26345,'FNA',2010-11-10,2010-11-12,250,'QUEROS','MAHALIA',1,1,2019-11-10,2019-11-12
99236,'FNA',2010-11-16,2010-11-17,287.5,'SCHOENING','LEROY',1,1,2019-11-16,2019-11-17
85417,'FNA',2010-11-21,2010-11-26,225,'MULKEY','EMERY',2,0,2019-11-21,2019-11-26
10574,'FNA',2010-11-26,2010-12-03,287.5,'SWEAZY','ROY',2,1,2019-11-26,2019-12-03
29568,'FNA',2010-12-03,2010-12-08,225,'BOETTNER','REIKO',3,0,2019-12-03,2019-12-08
28106,'FNA',2010-12-11,2010-12-17,312.5,'VANDERSCHAEGE','MITZIE',2,0,2019-12-11,2019-12-17
56373,'FNA',2010-12-18,2010-12-20,225,'BEGEN','ASHLYN',3,0,2019-12-18,2019-12-20
94004,'FNA',2010-12-21,2010-12-24,250,'JARVI','JOHNNIE',4,0,2019-12-21,2019-12-24
28948,'FNA',2010-12-24,2010-12-26,287.5,'RUPE','QUIANA',2,0,2019-12-24,2019-12-26
71987,'FNA',2010-12-30,2010-12-31,250,'HARE','ELSIE',2,0,2019-12-30,2019-12-31
67409,'FNA',2010-12-31,2011-01-04,250,'MADRON','DONNIE',2,1,2019-12-31,2020-01-04
